Platform,Category,UserRecordType,Title,Country,ReleaseType,Publisher,Developer,CreatedAt,Ownership,PriceLoose,PriceCIB,PriceNew,YourPrice,PricePaid,ItemCondition,BoxCondition,ManualCondition,Notes,Tags
"Nintendo DS","Games","Owned","Advance Wars: Dark Conflict","United Kingdom","Official","Nintendo","Intelligent Systems Co., Ltd.","4 Nov 2024","CIB","8.27","16.23","47.12","16.23","-1.0","?","?","?","",""
"Nintendo DS","Games","Owned","Advance Wars: Dual Strike","United Kingdom","Official","Nintendo","Intelligent Systems Co., Ltd.","4 Nov 2024","CIB","13.90","19.46","37.23","19.46","-1.0","?","?","?","",""
"Nintendo DS","Games","Owned","Children of Mana","United Kingdom","Official","Nintendo","Nex Entertainment","4 Nov 2024","CIB","8.59","13.81","52.22","13.81","-1.0","?","?","?","",""
"Nintendo DS","Games","Owned","Chrono Trigger","United Kingdom","Official","Square Enix","Square Enix","4 Nov 2024","CIB","41.49","80.51","116.16","80.51","-1.0","?","?","?","",""
"Nintendo DS","Games","Owned","Dr. Kawashima's Brain Training: How Old is Your Brain","United Kingdom","Official","Nintendo","Nintendo","4 Nov 2024","B","2.61","3.82","6.32","3.26","-1.0","?","?","?","",""
"Nintendo DS","Games","Owned","Final Fantasy Fables: Chocobo Tales","United Kingdom","Official","Square Enix","h.a.n.d. Inc.","4 Nov 2024","CIB","8.12","10.82","15.41","10.82","-1.0","?","?","?","",""
"Nintendo DS","Games","Owned","Golden Sun: Dark Dawn","United Kingdom","Official","Nintendo","Camelot Software Planning","4 Nov 2024","CIB","18.29","18.65","52.26","18.65","-1.0","?","?","?","",""
"Nintendo DS","Games","Owned","Mario & Luigi: Bowser's Inside Story","United Kingdom","Official","Nintendo","Alphadream Corporation","5 Nov 2024","CIB","11.47","11.59","71.73","11.59","-1.0","?","?","?","",""
"Nintendo DS","Games","Owned","More Brain Training from Dr Kawashima - How Old Is Your Brain","United Kingdom","Official","Nintendo","Nintendo","6 Nov 2024","CIB","3.12","3.82","5.06","3.82","-1.0","?","?","?","",""
"Nintendo DS","Games","Owned","Pokémon Black Version","United Kingdom","Official","Nintendo","Game Freak","2 Dec 2024","B","41.63","41.90","152.69","14.77","-1.0","?","?","?","",""
"Nintendo DS","Games","Owned","Pokémon Diamond","United Kingdom","Official","Nintendo","Game Freak","16 Sep 2024","CIB+","22.37","29.56","90.14","29.56","-1.0","?","?","?","",""
"Nintendo DS","Games","Owned","Pokémon Diamond","United Kingdom","Official","Nintendo","Game Freak","16 Sep 2024","Loose","22.37","29.56","90.14","22.37","-1.0","?","?","?","",""
"Nintendo DS","Games","Owned","Pokemon HeartGold Version","United Kingdom","Official","Nintendo","Game Freak","2 Dec 2024","Loose","70.72","112.38","213.70","70.72","-1.0","?","?","?","",""
"Nintendo DS","Games","Owned","Pokémon SoulSilver Version [Pokéwalker Bundle]","United Kingdom","Official","Nintendo","Game Freak","2 Dec 2024","CIB+","87.02","179.42","391.13","179.42","-1.0","?","?","?","",""
"Nintendo DS","Games","Owned","Professor Layton and the Curious Village","United Kingdom","Official","Nintendo","Level-5","2 Dec 2024","CIB","1.96","3.93","11.44","3.93","-1.0","?","?","?","",""
"Nintendo DS","Games","Owned","Puzzler Collection","United Kingdom","Official","Ubisoft","Route 1 Games","2 Dec 2024","CIB","2.39","4.02","6.72","4.02","-1.0","?","?","?","",""
"Nintendo DS","Games","Owned","Sega Casino","United Kingdom","Official","Sega","Sega","2 Dec 2024","CIB","3.19","3.50","7.10","3.50","-1.0","?","?","?","",""
"Nintendo DS","Games","Owned","Sonic Rush Adventure","United Kingdom","Official","Sega","Dimps Corporation","2 Dec 2024","Loose","5.77","8.08","40.16","5.77","-1.0","?","?","?","",""
"Sega Saturn","Games","Owned","Clockwork Knight","United Kingdom","Official","Sega","Sega","4 Nov 2024","CIB","5.82","22.63","56.38","22.63","-1.0","?","?","?","",""
"Sega Saturn","Games","Owned","Daytona USA","United Kingdom","Official","Sega","Sega AM2 R&D Division","26 Nov 2025","CIB","4.91","18.41","32.52","18.41","-1.0","?","?","?","",""
"Sega Saturn","Games","Owned","Dragon Force","United Kingdom","Official","Sega","J-Force","4 Nov 2024","CIB","70.88","179.48","305.28","179.48","-1.0","?","?","?","",""
"Sega Saturn","Games","Owned","Fighting Vipers","United Kingdom","Official","Sega","SEGA AM-2","8 Feb 2026","CIB","5.42","14.18","46.27","14.18","-1.0","?","?","?","",""
"Sega Saturn","Games","Owned","Nights into Dreams","United Kingdom","Official","Sega","Sonic Team","6 Nov 2024","CIB","19.78","44.39","100.04","44.39","-1.0","?","?","?","",""
"Sega Saturn","Games","Owned","Panzer Dragoon","United Kingdom","Official","Sega","Sega","6 Nov 2024","CIB","21.30","35.46","150.85","35.46","-1.0","?","?","?","",""
"Sega Saturn","Games","Owned","Panzer Dragoon II Zwei","United Kingdom","Official","Sega","Sega","6 Nov 2024","CIB","24.19","54.58","101.68","54.58","-1.0","?","?","?","",""
"Sega Saturn","Games","Owned","Panzer Dragoon Saga","United Kingdom","Official","Sega Europe","Team Andromeda","16 Sep 2024","CIB","84.82","513.26","186439.86","513.26","-1.0","?","?","?","",""
"Sega Saturn","Games","Owned","Sega Rally Championship","United Kingdom","Official","Sega","Sega AM3 R&D Division","2 Dec 2024","CIB","7.77","17.11","60.86","17.11","-1.0","?","?","?","",""
"Sega Saturn","Systems","Owned","Sega Saturn Console","United Kingdom","Official","Missing Field","Missing Field","25 Dec 2024","Loose","111.11","139.33","236.78","111.11","-1.0","?","?","?","",""
"Sega Saturn","Games","Owned","Sonic Jam","United Kingdom","Official","Sega","Sonic Team","2 Dec 2024","CIB","19.37","35.99","75.70","35.99","-1.0","?","?","?","",""
"Sega Saturn","Games","Owned","Sonic R","United Kingdom","Official","Sega","Sonic Team, Traveller's Tales Ltd.","2 Dec 2024","CIB","14.32","47.55","94.27","47.55","-1.0","?","?","?","",""
"Sega Saturn","Games","Owned","Street Fighter Collection","United Kingdom","Official","Capcom","Mitchell Corporation","5 Dec 2024","Boxed","41.48","232.34","394.63","184.01","-1.0","?","?","?","",""
"Sega Saturn","Games","Owned","Tomb Raider","United Kingdom","Official","Eidos Interactive","Core Design Ltd.","2 Feb 2025","CIB","6.97","11.80","42.32","11.80","-1.0","?","?","?","",""
"Sega Saturn","Games","Owned","Virtua Fighter","United Kingdom","Official","Sega","SEGA AM-2","8 Feb 2026","CIB","5.63","10.18","20.92","10.18","-1.0","?","?","?","",""
"Sega Saturn","Games","Owned","Virtua Fighter 2","United Kingdom","Official","Sega","Sega AM2 R&D Division","2 Feb 2025","CIB","3.90","8.48","42.58","8.48","-1.0","?","?","?","",""
"Sega Saturn","Games","Wishlist","Burning Rangers","United Kingdom","Official","Sega","Sonic Team","3 Aug 2025","CIB","48.36","209.04","289.41","209.04","-1.0","?","?","?","",""
"Sega Saturn","Games","Wishlist","Christmas Nights Into Dreams","United Kingdom","Official","Sega","Sonic Team","3 Aug 2025","CIB","6.25","28.03","47.65","28.03","-1.0","?","?","?","",""
"Sega Saturn","Games","Wishlist","Clockwork Knight 2","United Kingdom","Official","Sega","Sega","3 Aug 2025","CIB","28.81","65.88","74.67","65.88","-1.0","?","?","?","",""
"Sega Saturn","Games","Wishlist","Discworld II: Missing Presumed...!?","United Kingdom","Official","Sega","Perfect Entertainment","3 Aug 2025","CIB","41.20","106.87","181.68","106.87","-1.0","?","?","?","",""
"Sega Saturn","Games","Wishlist","Magic Carpet","United Kingdom","Official","Electronic Arts","Bullfrog Productions, Ltd.","3 Aug 2025","CIB","8.02","14.45","24.57","14.45","-1.0","?","?","?","",""
"Sega Saturn","Games","Wishlist","Rayman","United Kingdom","Official","Ubisoft","Ubisoft","3 Aug 2025","CIB","17.83","31.34","84.59","31.34","-1.0","?","?","?","",""
"Sega Saturn","Games","Wishlist","Shining Force III","United Kingdom","Official","Sega","Camelot Software Planning","3 Aug 2025","CIB","111.70","203.61","346.23","203.61","-1.0","?","?","?","",""
"Sega Saturn","Games","Wishlist","Virtua Cop","United Kingdom","Official","Sega","SEGA AM-2","3 Aug 2025","CIB","9.20","36.28","61.24","36.28","-1.0","?","?","?","",""
"Sega Saturn","Games","Wishlist","Virtua Cop 2","United Kingdom","Official","Sega","Sega AM2 R&D Division","3 Aug 2025","CIB","7.99","18.38","55.29","18.38","-1.0","?","?","?","",""
"Nintendo Game Boy","Games","Owned","Pokémon Blue Version","United Kingdom","Official","Nintendo","Game Freak","1 Nov 2024","Loose","28.53","135.83","283.29","28.53","-1.0","?","?","?","",""
"Nintendo Game Boy","Games","Owned","Pokémon Red Version","United Kingdom","Official","Nintendo","Game Freak","2 Dec 2024","Loose","25.87","172.34","502.94","25.87","-1.0","?","?","?","",""
"Nintendo Game Boy","Games","Owned","Wizards & Warriors X: The Fortress of Fear","United Kingdom","Official","Nintendo","Rare, Ltd.","4 Nov 2024","Loose","5.81","28.74","117.94","5.81","-1.0","?","?","?","",""
"Nintendo 3DS","Games","Owned","Fire Emblem: Awakening","United Kingdom","Official","Nintendo","Intelligent Systems","4 Nov 2024","CIB","20.25","22.96","49.72","22.96","-1.0","?","?","?","",""
"Nintendo 3DS","Games","Owned","Pokemon Ultra Moon","United Kingdom","Official","Missing Field","Game Freak","2 Dec 2024","CIB","27.82","35.60","70.06","35.60","-1.0","?","?","?","",""
"Nintendo 3DS","Games","Owned","Legend of Zelda: Ocarina of Time 3D","United Kingdom","Official","Nintendo","Grezzo","5 Nov 2024","Loose","12.08","19.53","25.24","12.08","-1.0","?","?","?","",""
"Nintendo 3DS","Games","Owned","Theatrhythm Final Fantasy","United Kingdom","Official","Square Enix","Indies Zero","4 Nov 2024","CIB","4.63","11.24","33.59","11.24","-1.0","?","?","?","",""
"Nintendo 3DS","Games","Owned","Theatrhythm Final Fantasy: Curtain Call","United Kingdom","Official","Square Enix","Square Enix, Indies Zero","2 Feb 2025","CIB","9.65","15.23","40.04","15.23","-1.0","?","?","?","",""
"Nintendo GameCube","Games","Owned","007: Everything or Nothing","United Kingdom","Official","Electronic Arts","EA Redwood Shores","4 Nov 2024","CIB","6.98","12.08","51.73","12.08","-1.0","?","?","?","",""
"Nintendo GameCube","Games","Owned","007: NightFire","United States of America","Official","Electronic Arts","Eurocom Entertainment Software","4 Nov 2024","CIB","11.92","16.75","74.46","16.75","-1.0","?","?","?","",""
"Nintendo GameCube","Games","Owned","Burnout","United Kingdom","Official","Acclaim","Criterion Games","4 Nov 2024","CIB","4.92","6.72","18.61","6.72","-1.0","?","?","?","",""
"Nintendo GameCube","Games","Owned","Doshin the Giant","United Kingdom","Official","Nintendo","Param","25 Jan 2026","CIB","54.34","54.81","93.78","54.81","-1.0","?","?","?","",""
"Nintendo GameCube","Games","Owned","Driven","United Kingdom","Official","Missing Field","Missing Field","4 Nov 2024","CIB","4.51","4.97","14.15","4.97","-1.0","?","?","?","",""
"Nintendo GameCube","Games","Owned","F-Zero GX","United Kingdom","Official","Nintendo","Missing Field","4 Nov 2024","CIB","24.97","33.02","263.73","33.02","-1.0","?","?","?","",""
"Nintendo GameCube","Games","Owned","Final Fantasy Crystal Chronicles","United Kingdom","Official","Nintendo","Square Enix","4 Nov 2024","Boxed","4.42","10.17","52.40","10.17","-1.0","?","?","?","",""
"Nintendo GameCube","Systems","Owned","Indigo Gamecube Console","United Kingdom","Official","Nintendo","Missing Field","5 Dec 2024","Loose","91.45","106.20","365.80","91.45","-1.0","?","?","?","",""
"Nintendo GameCube","Games","Owned","Mario Kart: Double Dash!!","United Kingdom","Official","Nintendo","Nintendo","5 Nov 2024","B","17.09","22.33","145.84","13.17","-1.0","?","?","?","",""
"Nintendo GameCube","Games","Owned","Metroid Prime","United Kingdom","Official","Nintendo","Retro Studios","6 Nov 2024","CIB","13.60","14.62","81.96","14.62","-1.0","?","?","?","",""
"Nintendo GameCube","Games","Owned","Need for Speed Underground","United Kingdom","Official","EA Games","EA Black Box","6 Nov 2024","CIB","6.02","7.65","74.86","7.65","-1.0","?","?","?","",""
"Nintendo GameCube","Games","Owned","Paper Mario: The Thousand-Year Door","United Kingdom","Official","Nintendo","Intelligent Systems","2 Dec 2024","CIB","40.80","60.87","180.93","60.87","-1.0","?","?","?","",""
"Nintendo GameCube","Games","Owned","Phantasy Star Online Episode I & II","United Kingdom","Official","Sega","Sonic Team","2 Dec 2024","CIB","14.43","19.51","82.68","19.51","-1.0","?","?","?","",""
"Nintendo GameCube","Games","Owned","Pikmin","United Kingdom","Official","Nintendo","Nintendo EAD","27 Mar 2025","CIB","10.65","12.62","116.39","12.62","-1.0","?","?","?","",""
"Nintendo GameCube","Games","Owned","Pokémon Colosseum","United Kingdom","Official","Nintendo","Genius Sonority Inc.","2 Dec 2024","CIB","40.92","53.74","308.30","53.74","-1.0","?","?","?","",""
"Nintendo GameCube","Games","Owned","Resident Evil","United Kingdom","Official","Capcom","Capcom","2 Dec 2024","CIB","9.76","10.37","87.22","10.37","-1.0","?","?","?","",""
"Nintendo GameCube","Games","Owned","Resident Evil 4","United Kingdom","Official","Capcom","Capcom","17 Jun 2025","CIB","14.74","20.01","124.17","20.01","-1.0","?","?","?","",""
"Nintendo GameCube","Games","Owned","Resident Evil Zero","United Kingdom","Official","Capcom","Capcom Production Studio 3","8 Aug 2025","CIB","9.81","14.01","91.26","14.01","-1.0","?","?","?","",""
"Nintendo GameCube","Games","Owned","Sonic Mega Collection","United Kingdom","Official","Sega","Sonic Team","2 Dec 2024","CIB","10.16","10.61","29.52","10.61","-1.0","?","?","?","",""
"Nintendo GameCube","Games","Owned","SoulCalibur II","United Kingdom","Official","Namco","Project Soul","17 Jun 2025","CIB","9.94","11.43","107.82","11.43","-1.0","?","?","?","",""
"Nintendo GameCube","Games","Owned","Star Fox Adventures","United Kingdom","Official","Nintendo","Rare, Ltd.","5 Dec 2024","CIB","11.71","17.07","121.28","17.07","-1.0","?","?","?","",""
"Nintendo GameCube","Games","Owned","Star Wars Rogue Leader: Rogue Squadron II","United Kingdom","Official","LucasArts Entertainment Company LLC","Factor 5 GmbH","5 Dec 2024","CIB","6.02","6.47","66.75","6.47","-1.0","?","?","?","",""
"Nintendo GameCube","Games","Owned","Star Wars Rogue Leader: Rogue Squadron II","United Kingdom","Official","LucasArts Entertainment Company LLC","Factor 5 GmbH","5 Dec 2024","CIB","6.02","6.47","66.75","6.47","-1.0","?","?","?","",""
"Nintendo GameCube","Games","Owned","Super Mario Sunshine","United Kingdom","Official","Nintendo","Nintendo EAD","2 Feb 2025","CIB","15.79","16.75","399.47","16.75","-1.0","?","?","?","",""
"Nintendo GameCube","Games","Owned","Super Monkey Ball","United Kingdom","Official","Sega","Amusement Vision, Ltd.","17 Jun 2025","CIB","7.13","8.71","34.83","8.71","-1.0","?","?","?","",""
"Nintendo GameCube","Games","Owned","Super Monkey Ball 2","United Kingdom","Official","Sega","Amusement Vision, Ltd.","2 Feb 2025","Boxed","8.29","12.08","145.62","8.29","-1.0","?","?","?","",""
"Nintendo GameCube","Games","Owned","Super Smash Bros. Melee [ELSPA Version]","United Kingdom","Official","Nintendo","HAL Laboratory","2 Feb 2025","CIB","18.10","22.05","74.68","22.05","-1.0","?","?","?","",""
"Nintendo GameCube","Games","Owned","TimeSplitters 2","United Kingdom","Official","Eidos Interactive","Free Radical Design","2 Feb 2025","CIB","4.24","6.18","60.88","6.18","-1.0","?","?","?","",""
"Nintendo GameCube","Games","Owned","WarioWare, Inc.: Mega Party Game$!","United Kingdom","Official","Nintendo","Nintendo R&D1","2 Feb 2025","CIB","15.94","32.71","103.74","32.71","-1.0","?","?","?","",""
"Nintendo GameCube","Games","Wishlist","Evolution Worlds","United Kingdom","Official","Ubisoft Entertainment","Sting Entertainment","3 Feb 2025","CIB","54.21","77.39","216.68","77.39","-1.0","?","?","?","",""
"Nintendo GameCube","Games","Wishlist","Fire Emblem: Path of Radiance","United Kingdom","Official","Nintendo","Intelligent Systems","3 Feb 2025","CIB","118.81","159.00","285.86","159.00","-1.0","?","?","?","",""
"Nintendo GameCube","Games","Wishlist","Hello Kitty: Roller Rescue","United Kingdom","Official","Missing Field","XPEC","3 Feb 2025","CIB","15.36","37.07","103.50","37.07","-1.0","?","?","?","",""
"Nintendo GameCube","Games","Wishlist","Ikaruga","United Kingdom","Official","Missing Field","Treasure","3 Feb 2025","CIB","25.00","39.37","96.94","39.37","-1.0","?","?","?","",""
"Nintendo GameCube","Games","Wishlist","Mario Power Tennis","United Kingdom","Official","Nintendo","Camelot Software Planning","3 Feb 2025","CIB","12.71","18.61","72.34","18.61","-1.0","?","?","?","",""
"Nintendo GameCube","Games","Wishlist","Metal Gear Solid: The Twin Snakes","United Kingdom","Official","Konami Digital Entertainment, Inc.","Konami Computer Entertainment Japan","3 Feb 2025","CIB","69.98","72.55","215.12","72.55","-1.0","?","?","?","",""
"Nintendo GameCube","Games","Wishlist","Metroid Prime 2: Echoes","United Kingdom","Official","Nintendo","Retro Studios","3 Feb 2025","CIB","20.66","26.45","105.74","26.45","-1.0","?","?","?","",""
"Nintendo GameCube","Games","Wishlist","P.N. 03","United Kingdom","Official","Capcom","Capcom Production Studio 4","3 Feb 2025","CIB","11.70","20.93","72.95","20.93","-1.0","?","?","?","",""
"Nintendo GameCube","Games","Wishlist","Phantasy Star Online Episode III: C.A.R.D. Revolution","United Kingdom","Official","Sega","Sonic Team","3 Feb 2025","CIB","6.59","25.43","71.48","25.43","-1.0","?","?","?","",""
"Nintendo GameCube","Games","Wishlist","Pikmin 2","United Kingdom","Official","Nintendo","Nintendo","3 Feb 2025","CIB","28.09","37.80","123.51","37.80","-1.0","?","?","?","",""
"Nintendo GameCube","Games","Wishlist","Pokémon XD: Gale of Darkness","United Kingdom","Official","Nintendo","Genius Sonority Inc.","3 Feb 2025","CIB","151.20","197.50","411.38","197.50","-1.0","?","?","?","",""
"Nintendo GameCube","Games","Wishlist","Powerpuff Girls: Relish Rampage","United Kingdom","Official","BAM! Entertainment, Inc.","VIS Entertainment","3 Feb 2025","CIB","28.90","39.34","110.20","39.34","-1.0","?","?","?","",""
"Nintendo GameCube","Games","Wishlist","Shadow the Hedgehog","United Kingdom","Official","Sega","Sonic Team","3 Feb 2025","CIB","34.06","35.00","125.69","35.00","-1.0","?","?","?","",""
"Nintendo GameCube","Games","Wishlist","Skies of Arcadia Legends","United Kingdom","Official","Sega","Overworks","3 Feb 2025","CIB","68.01","83.40","195.10","83.40","-1.0","?","?","?","",""
"Nintendo GameCube","Games","Wishlist","Sonic Adventure 2 Battle","United Kingdom","Official","Sega","Sonic Team","3 Feb 2025","CIB","10.98","14.27","103.30","14.27","-1.0","?","?","?","",""
"Nintendo GameCube","Games","Wishlist","Sonic Adventure DX: Director's Cut","United Kingdom","Official","Sega","Sonic Team","3 Feb 2025","CIB","26.65","31.73","113.02","31.73","-1.0","?","?","?","",""
"Nintendo GameCube","Games","Wishlist","Sonic Heroes","United Kingdom","Official","Sega","Sonic Team","3 Feb 2025","CIB","7.93","11.61","49.40","11.61","-1.0","?","?","?","",""
"Nintendo GameCube","Games","Wishlist","Sonic Riders","United Kingdom","Official","Sega","Sonic Team","3 Feb 2025","CIB","36.71","57.06","160.09","57.06","-1.0","?","?","?","",""
"Nintendo GameCube","Games","Wishlist","Star Wars: Rogue Squadron III - Rebel Strike [Player's Choice]","United Kingdom","Official","LucasArts Entertainment Company LLC","Factor 5 GmbH","3 Feb 2025","CIB","9.92","12.88","35.74","12.88","-1.0","?","?","?","",""
"Nintendo GameCube","Games","Wishlist","Legend of Zelda: The Wind Waker","United Kingdom","Official","Nintendo","Nintendo EAD","3 Feb 2025","CIB","19.79","29.34","338.95","29.34","-1.0","?","?","?","",""
"Nintendo GameCube","Games","Wishlist","Legend of Zelda: Twilight Princess","United Kingdom","Official","Nintendo","Nintendo EAD","3 Feb 2025","CIB","70.21","85.63","240.65","85.63","-1.0","?","?","?","",""
"Nintendo GameCube","Games","Wishlist","TimeSplitters: Future Perfect","United Kingdom","Official","EA Games","Free Radical Design","3 Feb 2025","CIB","7.48","17.16","49.77","17.16","-1.0","?","?","?","",""
"Nintendo GameCube","Games","Wishlist","Viewtiful Joe (Pink Version)","United Kingdom","Official","Capcom","Capcom Production Studio 4","3 Feb 2025","CIB","9.72","12.98","34.34","12.98","-1.0","?","?","?","",""
"Nintendo GameCube","Games","Wishlist","Viewtiful Joe 2","United Kingdom","Official","Capcom","Clover Studio","3 Feb 2025","CIB","27.87","38.12","47.69","38.12","-1.0","?","?","?","",""
"Nintendo GameCube","Games","Wishlist","Viewtiful Joe: Red Hot Rumble","United Kingdom","Official","Capcom","Clover Studio","3 Feb 2025","CIB","17.80","19.17","51.18","19.17","-1.0","?","?","?","",""
"Nintendo GameCube","Games","Wishlist","Wario World","United Kingdom","Official","Nintendo","Treasure","3 Feb 2025","CIB","39.14","41.16","225.34","41.16","-1.0","?","?","?","",""
"Nintendo 64","Games","Owned","Donkey Kong 64","United Kingdom","Official","Nintendo","Rare, Ltd.","4 Nov 2024","Loose","17.46","68.45","214.61","17.46","-1.0","?","?","?","",""
"Nintendo 64","Games","Owned","F-Zero X","United Kingdom","Official","Nintendo","Nintendo EAD","4 Nov 2024","CIB","10.38","35.63","201.69","35.63","-1.0","?","?","?","",""
"Nintendo 64","Games","Owned","GoldenEye 007","United Kingdom","Official","Nintendo","Rare, Ltd.","4 Nov 2024","Loose","8.63","36.43","219.01","8.63","-1.0","?","?","?","",""
"Nintendo 64","Games","Owned","Knife Edge","United Kingdom","Official","Kemco","Kemco","5 Nov 2024","Loose","9.68","39.26","142.08","9.68","-1.0","?","?","?","",""
"Nintendo 64","Games","Owned","Mario Kart 64","United Kingdom","Official","Nintendo","Nintendo","5 Nov 2024","Loose","21.57","56.10","291.54","21.57","-1.0","?","?","?","",""
"Nintendo 64","Games","Owned","Mario Party 2","United Kingdom","Official","Nintendo","CAProductions Co. Ltd., Hudson Soft","5 Nov 2024","Loose","36.41","84.85","809.34","36.41","-1.0","?","?","?","",""
"Nintendo 64","Games","Owned","Mario Tennis","United Kingdom","Official","Nintendo","Camelot Software Planning","5 Nov 2024","CIB","13.61","34.57","96.65","34.57","-1.0","?","?","?","",""
"Nintendo 64","Systems","Owned","Nintendo 64 System","United Kingdom","Official","Nintendo","Missing Field","4 Nov 2024","Loose","65.28","172.39","465.37","65.28","-1.0","?","?","?","",""
"Nintendo 64","Games","Owned","Perfect Dark","United Kingdom","Official","Rare, Ltd.","Rare, Ltd.","2 Dec 2024","Loose","9.51","29.65","93.07","9.51","-1.0","?","?","?","",""
"Nintendo 64","Games","Owned","Perfect Dark","United Kingdom","Official","Rare, Ltd.","Rare, Ltd.","2 Dec 2024","Loose","9.51","29.65","93.07","9.51","-1.0","?","?","?","",""
"Nintendo 64","Games","Owned","Perfect Dark","United Kingdom","Official","Rare, Ltd.","Rare, Ltd.","5 Apr 2025","CIB","9.51","29.65","93.07","29.65","-1.0","?","?","?","",""
"Nintendo 64","Games","Owned","Pokémon Stadium","United Kingdom","Official","Nintendo","Nintendo EAD","2 Dec 2024","Loose","14.00","64.92","631.51","14.00","-1.0","?","?","?","",""
"Nintendo 64","Games","Owned","Star Wars Episode I: Racer","United Kingdom","Official","Lucas Arts","Lucas Arts","5 Dec 2024","Loose","6.81","26.97","140.44","6.81","-1.0","?","?","?","",""
"Nintendo 64","Games","Owned","Star Wars: Rogue Squadron","United Kingdom","Official","Nintendo","Factor 5 GmbH, Lucas Arts","5 Dec 2024","Loose","7.92","22.99","65.11","7.92","-1.0","?","?","?","",""
"Nintendo 64","Games","Owned","Legend of Zelda: Ocarina of Time","United Kingdom","Official","Nintendo","Nintendo EAD","5 Nov 2024","CIB","16.08","81.84","92.50","81.84","-1.0","?","?","?","",""
"Nintendo 64","Games","Owned","Twisted Edge Extreme Snowboarding","United Kingdom","Official","Kemco","Boss Game Studios","2 Feb 2025","Loose","5.50","22.60","39.82","5.50","-1.0","?","?","?","",""
"Nintendo 64","Games","Wishlist","Banjo-Kazooie","United Kingdom","Official","Nintendo","Rare, Ltd.","4 Feb 2025","CIB","9.98","35.16","784.96","35.16","-1.0","?","?","?","",""
"Nintendo 64","Games","Wishlist","Banjo-Tooie","United Kingdom","Official","Nintendo","Rare, Ltd.","4 Feb 2025","CIB","41.23","124.42","330.95","124.42","-1.0","?","?","?","",""
"Nintendo 64","Games","Wishlist","Blast Corps","United Kingdom","Official","Nintendo","Rare, Ltd.","4 Feb 2025","CIB","6.97","25.33","262.94","25.33","-1.0","?","?","?","",""
"Nintendo 64","Games","Wishlist","Bomberman 64","United Kingdom","Official","Nintendo","Hudson Entertainment, Inc.","4 Feb 2025","CIB","15.48","42.31","230.68","42.31","-1.0","?","?","?","",""
"Nintendo 64","Games","Wishlist","Conker's Bad Fur Day","United Kingdom","Official","Nintendo","Rare, Ltd.","4 Feb 2025","CIB","91.10","246.25","457.68","246.25","-1.0","?","?","?","",""
"Nintendo 64","Games","Wishlist","Diddy Kong Racing","United Kingdom","Official","Nintendo, Rare, Ltd.","Rare, Ltd.","4 Feb 2025","CIB","11.30","42.17","135.24","42.17","-1.0","?","?","?","",""
"Nintendo 64","Games","Wishlist","Lylat Wars [Rumble Pak Bundle]","United Kingdom","Official","Nintendo","Nintendo EAD","4 Feb 2025","CIB","?","44.88","54.73","44.88","-1.0","?","?","?","",""
"Nintendo 64","Games","Wishlist","Mario Party","United Kingdom","Official","Nintendo","CAProductions Co. Ltd., Hudson Soft","4 Feb 2025","CIB","25.47","38.73","485.24","38.73","-1.0","?","?","?","",""
"Nintendo 64","Games","Wishlist","Mystical Ninja Starring Goemon","United Kingdom","Official","Konami","Konami Computer Entertainment Osaka","4 Feb 2025","CIB","18.22","73.39","315.82","73.39","-1.0","?","?","?","",""
"Nintendo 64","Games","Wishlist","Paper Mario","United Kingdom","Official","Nintendo","Intelligent Systems","4 Feb 2025","CIB","80.48","238.16","402.89","238.16","-1.0","?","?","?","",""
"Nintendo 64","Games","Wishlist","Pilotwings 64","United Kingdom","Official","Nintendo","Nintendo EAD, Nintendo R&D3","4 Feb 2025","CIB","7.06","23.07","312.94","23.07","-1.0","?","?","?","",""
"Nintendo 64","Games","Wishlist","Pokémon Snap","United Kingdom","Official","Nintendo","HAL Laboratory","4 Feb 2025","CIB","12.50","38.36","213.33","38.36","-1.0","?","?","?","",""
"Nintendo 64","Games","Wishlist","Pokémon Stadium 2","United Kingdom","Official","Nintendo","Nintendo EAD","4 Feb 2025","CIB","49.41","143.04","332.00","143.04","-1.0","?","?","?","",""
"Nintendo 64","Games","Wishlist","Super Mario 64","United Kingdom","Official","Nintendo","Nintendo EAD","4 Feb 2025","CIB","13.11","49.56","278.89","49.56","-1.0","?","?","?","",""
"Nintendo 64","Games","Wishlist","Super Smash Bros.","United Kingdom","Official","Nintendo","HAL Laboratory","4 Feb 2025","CIB","28.23","60.48","464.68","60.48","-1.0","?","?","?","",""
"Nintendo 64","Games","Wishlist","Turok 2: Seeds of Evil","United Kingdom","Official","Acclaim Entertainment","Iguana Entertainment","4 Feb 2025","CIB","4.70","18.56","223.30","18.56","-1.0","?","?","?","",""
"Nintendo 64","Games","Wishlist","Turok: Dinosaur Hunter","United Kingdom","Official","Acclaim Entertainment, Inc.","Iguana Entertainment","4 Feb 2025","CIB","5.00","19.67","91.72","19.67","-1.0","?","?","?","",""
"Nintendo 64","Games","Wishlist","Wave Race 64","United Kingdom","Official","Nintendo","Nintendo EAD","4 Feb 2025","CIB","5.81","19.48","169.77","19.48","-1.0","?","?","?","",""
"Nintendo 64","Games","Wishlist","Yoshi's Story","United Kingdom","Official","Nintendo","Nintendo EAD","4 Feb 2025","CIB","12.78","65.46","278.91","65.46","-1.0","?","?","?","",""
"Sony PlayStation","Games","Owned","007: Tomorrow Never Dies","United Kingdom","Official","Electronic Arts","Black Ops Entertainment","4 Nov 2024","Boxed","3.46","5.02","82.14","3.46","-1.0","?","?","?","",""
"Sony PlayStation","Games","Owned","Demo One","","Official","Missing Field","Missing Field","8 Feb 2025","Loose","-1.0", "-1.0", "-1.0", "-1.0","-1.0","?","?","?","",""
"Sony PlayStation","Games","Owned","Area 51","United Kingdom","Official","Midway Games","Tantalus Entertainment","4 Nov 2024","CIB","6.50","12.31","52.08","12.31","-1.0","?","?","?","",""
"Sony PlayStation","Games","Owned","Crash Bandicoot","United Kingdom","Official","Sony Computer Entertainment Europe","Naughty Dog Software","4 Nov 2024","Boxed","9.02","24.74","212.33","16.65","-1.0","?","?","?","",""
"Sony PlayStation","Games","Owned","Destruction Derby 2 (Platinum)","United Kingdom","Official","Reflections Interactive Limited","Psygnosis Camden Studio","2 Dec 2024","CIB","6.33","9.01","89.53","9.01","-1.0","?","?","?","",""
"Sony PlayStation","Games","Owned","FIFA Soccer 96","United Kingdom","Official","EA Sports","Extended Play Productions","4 Nov 2024","Boxed","5.08","15.64","45.50","11.24","-1.0","?","?","?","",""
"Sony PlayStation","Games","Owned","Final Fantasy IX","United Kingdom","Official","Squaresoft","Squaresoft","4 Nov 2024","CIB","11.65","15.17","161.86","15.17","-1.0","?","?","?","",""
"Sony PlayStation","Games","Owned","Final Fantasy IX","Japan","Official","Squaresoft","Squaresoft","4 Nov 2024","CIB","8.34","8.87","101.83","8.87","-1.0","?","?","?","",""
"Sony PlayStation","Games","Owned","Final Fantasy VI","United Kingdom","Official","Sony Computer Entertainment Europe","Squaresoft","8 Mar 2025","CIB","21.92","22.03","160.16","22.03","-1.0","?","?","?","",""
"Sony PlayStation","Games","Owned","Final Fantasy VII","Japan","Official","Squaresoft","Squaresoft","4 Nov 2024","CIB","6.92","13.69","214.13","13.69","-1.0","?","?","?","",""
"Sony PlayStation","Games","Owned","Final Fantasy VII [Platinum]","United Kingdom","Official","Sony Computer Entertainment, Squaresoft","Squaresoft","4 Nov 2024","CIB","9.40","10.65","341.22","10.65","-1.0","?","?","?","",""
"Sony PlayStation","Games","Owned","Final Fantasy VIII","United Kingdom","Official","Squaresoft","Squaresoft","4 Nov 2024","CIB+","10.04","19.42","139.08","19.42","-1.0","?","?","?","",""
"Sony PlayStation","Games","Owned","Final Fantasy VIII","Japan","Official","Squaresoft","Squaresoft","4 Nov 2024","CIB","6.09","9.37","161.88","9.37","-1.0","?","?","?","",""
"Sony PlayStation","Games","Owned","Final Fantasy VIII [Demo]","United Kingdom","Demo","Squaresoft","Squaresoft","4 Nov 2024","Loose","?","?","?","?","-1.0","?","?","?","",""
"Sony PlayStation","Games","Owned","G-Police","United Kingdom","Official","Psygnosis Limited","Psygnosis","25 Oct 2025","CIB","6.68","7.13","18.61","7.13","-1.0","?","?","?","",""
"Sony PlayStation","Games","Owned","Mega Man Legends","United Kingdom","Official","Virgin Interactive Entertainment (Europe) Ltd.","Capcom Production Studio 2","5 Nov 2024","CIB","69.40","169.33","267.49","169.33","-1.0","?","?","?","",""
"Sony PlayStation","Games","Owned","Metal Gear Solid [Platinum]","United Kingdom","Official","Konami","Konami Computer Entertainment Japan","6 Nov 2024","CIB","18.17","33.51","87.12","33.51","-1.0","?","?","?","",""
"Sony PlayStation","Games","Owned","Parasite Eve II","United Kingdom","Official","Squaresoft","Squaresoft","2 Dec 2024","CIB","42.48","42.48","104.24","42.48","-1.0","?","?","?","",""
"Sony PlayStation","Systems","Owned","PlayStation Console","United Kingdom","Official","Sony","Missing Field","5 Dec 2024","Loose","54.44","57.19","416.87","54.44","-1.0","?","?","?","",""
"Sony PlayStation","Systems","Owned","PlayStation Console [DualShock Bundle SCPH-7000]","Japan","Official","Sony","Sony","5 Dec 2024","Loose","87.04","130.30","246.65","87.04","-1.0","?","?","?","",""
"Sony PlayStation","Games","Owned","Point Blank","United Kingdom","Official","Sony Computer Entertainment","Namco","2 Dec 2024","CIB","18.26","24.54","68.65","24.54","-1.0","?","?","?","",""
"Sony PlayStation","Games","Owned","Point Blank 2","United Kingdom","Official","Namco","Namco","2 Dec 2024","CIB","10.60","16.24","40.16","16.24","-1.0","?","?","?","",""
"Sony PlayStation","Games","Owned","Point Blank 3","United Kingdom","Official","Namco","Namco","2 Dec 2024","CIB","15.82","35.87","48.64","35.87","-1.0","?","?","?","",""
"Sony PlayStation","Systems","Owned","PSOne Slim Console","United Kingdom","Official","Sony Computer Entertainment","Sony Computer Entertainment","5 Dec 2024","Loose","32.50","132.13","343.26","32.50","-1.0","?","?","?","",""
"Sony PlayStation","Games","Owned","Rage Racer","United Kingdom","Official","Sony Computer Entertainment Europe","Namco","2 Dec 2024","Boxed","8.32","12.18","203.94","8.47","-1.0","?","?","?","",""
"Sony PlayStation","Games","Owned","Tekken 2","United Kingdom","Official","Sony Computer Entertainment Europe","Namco","2 Feb 2025","Boxed","6.98","9.86","159.11","6.98","-1.0","?","?","?","",""
"Sony PlayStation","Games","Owned","Time Crisis [Gun Bundle]","United Kingdom","Official","Sony","Namco","2 Feb 2025","CIB+","36.04","51.50","165.11","51.50","-1.0","?","?","?","",""
"Sony PlayStation","Games","Owned","Time Crisis [Platinum]","United Kingdom","Official","Sony Computer Entertainment","Namco","2 Feb 2025","Boxed","4.65","7.42","242.64","4.65","-1.0","?","?","?","",""
"Sony PlayStation","Games","Owned","Time Crisis: Project Titan","United Kingdom","Official","Namco","Flying Tiger Entertainment","2 Feb 2025","CIB+","8.60","8.82","29.54","8.82","-1.0","?","?","?","",""
"Sony PlayStation","Games","Owned","Vagrant Story","United Kingdom","Official","Squaresoft","Squaresoft","15 Oct 2025","CIB","36.42","42.34","194.03","42.34","-1.0","?","?","?","",""
"Sony PlayStation","Games","Wishlist","Alundra 2","United Kingdom","Official","Activision","Matrix Software","4 Feb 2025","CIB","15.16","16.94","71.62","16.94","-1.0","?","?","?","",""
"Sony PlayStation","Games","Wishlist","Armored Core","United Kingdom","Official","Sony Computer Entertainment Europe Ltd.","FromSoftware, Inc.","4 Feb 2025","CIB","15.94","63.01","163.81","63.01","-1.0","?","?","?","",""
"Sony PlayStation","Games","Wishlist","Armored Core","United Kingdom","Official","Sony Computer Entertainment Europe Ltd.","FromSoftware, Inc.","3 Aug 2025","CIB","15.94","63.01","163.81","63.01","-1.0","?","?","?","",""
"Sony PlayStation","Games","Wishlist","Bloody Roar","United Kingdom","Official","Virgin Interactive Entertainment (Europe) Ltd.","Hudson Soft","4 Feb 2025","CIB","12.37","37.76","98.29","37.76","-1.0","?","?","?","",""
"Sony PlayStation","Games","Wishlist","Bomberman","United Kingdom","Official","Virgin Interactive Entertainment (Europe) Ltd.","Hudson Soft","4 Feb 2025","CIB","8.82","11.62","54.84","11.62","-1.0","?","?","?","",""
"Sony PlayStation","Games","Wishlist","Chocobo Racing","United Kingdom","Official","Squaresoft","Squaresoft","4 Feb 2025","CIB","102.46","153.63","526.22","153.63","-1.0","?","?","?","",""
"Sony PlayStation","Games","Wishlist","Cool Boarders","United Kingdom","Official","SCEE","UEP Systems","4 Feb 2025","CIB","4.82","5.85","89.35","5.85","-1.0","?","?","?","",""
"Sony PlayStation","Games","Wishlist","Croc 2","United Kingdom","Official","Fox Interactive, THQ","Argonaut Games, Natsume","4 Feb 2025","CIB","11.71","16.33","64.33","16.33","-1.0","?","?","?","",""
"Sony PlayStation","Games","Wishlist","Dino Crisis","United Kingdom","Official","Capcom","Capcom","4 Feb 2025","CIB","21.09","39.06","144.64","39.06","-1.0","?","?","?","",""
"Sony PlayStation","Games","Wishlist","Dynasty Warriors","United Kingdom","Official","Koei Co., Ltd.","Omega Force","4 Feb 2025","CIB","5.50","6.40","45.15","6.40","-1.0","?","?","?","",""
"Sony PlayStation","Games","Wishlist","Ehrgeiz","United Kingdom","Official","Squaresoft","Dream Factory","4 Feb 2025","CIB","44.54","50.27","333.35","50.27","-1.0","?","?","?","",""
"Sony PlayStation","Games","Wishlist","Final Fantasy Anthology","United Kingdom","Official","Sony Computer Entertainment Europe","Squaresoft","4 Feb 2025","CIB","23.85","24.04","175.37","24.04","-1.0","?","?","?","",""
"Sony PlayStation","Games","Wishlist","Future Cop: L.A.P.D.","United Kingdom","Official","Electronic Arts","EA Redwood Shores","4 Feb 2025","CIB","27.56","35.41","92.33","35.41","-1.0","?","?","?","",""
"Sony PlayStation","Games","Wishlist","G.Darius","United Kingdom","Official","THQ","Taito Corporation","4 Feb 2025","CIB","23.13","25.34","92.54","25.34","-1.0","?","?","?","",""
"Sony PlayStation","Games","Wishlist","Ghost in the Shell","United Kingdom","Official","Sony","Exact, Sugar & Rockets, Ultra","4 Feb 2025","CIB","68.68","164.43","191.87","164.43","-1.0","?","?","?","",""
"Sony PlayStation","Games","Wishlist","King's Field","United Kingdom","Official","Sony Computer Entertainment Europe","FromSoftware, Inc.","4 Feb 2025","CIB","40.26","149.75","253.97","149.75","-1.0","?","?","?","",""
"Sony PlayStation","Games","Wishlist","Klonoa Beach Volleyball","United Kingdom","Official","Namco","Namco","4 Feb 2025","CIB","37.71","60.29","104.48","60.29","-1.0","?","?","?","",""
"Sony PlayStation","Games","Wishlist","Klonoa: Door to Phantomile","United Kingdom","Official","Namco","Namco","4 Feb 2025","CIB","70.59","132.14","343.26","132.14","-1.0","?","?","?","",""
"Sony PlayStation","Games","Wishlist","Mega Man Legends 2","United Kingdom","Official","Capcom","Capcom","4 Feb 2025","CIB","56.47","146.89","398.39","146.89","-1.0","?","?","?","",""
"Sony PlayStation","Games","Wishlist","Metal Slug X","United Kingdom","Official","Agetec, Inc.","SNK","4 Feb 2025","CIB","32.39","90.48","112.43","90.48","-1.0","?","?","?","",""
"Sony PlayStation","Games","Wishlist","Oddworld: Abe's Oddysee","United Kingdom","Official","GT Interactive Software (UK) Ltd.","Oddworld Inhabitants","4 Feb 2025","CIB","9.94","10.46","111.47","10.46","-1.0","?","?","?","",""
"Sony PlayStation","Games","Wishlist","Pandemonium!","United Kingdom","Official","Crystal Dynamics, Inc.","Crystal Dynamics, Inc.","4 Feb 2025","CIB","15.62","16.70","43.19","16.70","-1.0","?","?","?","",""
"Sony PlayStation","Games","Wishlist","PaRappa the Rapper","United Kingdom","Official","Sony Computer Entertainment","NanaOn-Sha Co., Ltd.","4 Feb 2025","CIB","28.87","54.15","140.73","54.15","-1.0","?","?","?","",""
"Sony PlayStation","Games","Wishlist","PaRappa the Rapper","United Kingdom","Official","Sony Computer Entertainment","NanaOn-Sha Co., Ltd.","12 Nov 2025","CIB","28.87","54.15","140.73","54.15","-1.0","?","?","?","",""
"Sony PlayStation","Games","Wishlist","Resident Evil","United Kingdom","Official","Capcom","Capcom","4 Feb 2025","CIB","14.04","24.54","390.66","24.54","-1.0","?","?","?","",""
"Sony PlayStation","Games","Wishlist","Resident Evil 2","United Kingdom","Official","Virgin Interactive Entertainment (Europe) Ltd.","Capcom","4 Feb 2025","CIB","25.61","33.63","146.72","33.63","-1.0","?","?","?","",""
"Sony PlayStation","Games","Wishlist","Resident Evil 3: Nemesis","United Kingdom","Official","Eidos Interactive","Capcom","4 Feb 2025","CIB","30.83","34.39","260.26","34.39","-1.0","?","?","?","",""
"Sony PlayStation","Games","Wishlist","Ridge Racer","United Kingdom","Official","Sony Computer Entertainment","Namco","4 Feb 2025","CIB","6.27","11.66","186.92","11.66","-1.0","?","?","?","",""
"Sony PlayStation","Games","Wishlist","Ridge Racer Type 4","United Kingdom","Official","SCEE","Namco","4 Feb 2025","CIB","9.66","13.29","33.21","13.29","-1.0","?","?","?","",""
"Sony PlayStation","Games","Wishlist","SaGa Frontier 2","United Kingdom","Official","Squaresoft","Squaresoft","4 Feb 2025","CIB","40.74","41.39","111.55","41.39","-1.0","?","?","?","",""
"Sony PlayStation","Games","Wishlist","Suikoden","United Kingdom","Official","Konami","Konami Computer Entertainment Tokyo","4 Feb 2025","CIB","53.40","97.21","104.48","97.21","-1.0","?","?","?","",""
"Sony PlayStation","Games","Wishlist","Suikoden II","United Kingdom","Official","Konami","Konami Computer Entertainment Tokyo","4 Feb 2025","CIB","71.50","127.21","502.46","127.21","-1.0","?","?","?","",""
"Sony PlayStation","Games","Wishlist","Syphon Filter 3","United Kingdom","Official","Sony Computer Entertainment","Eidetic, SCE Bend Studio","4 Feb 2025","CIB","11.01","15.44","33.00","15.44","-1.0","?","?","?","",""
"Sony PlayStation","Games","Wishlist","Tekken","United Kingdom","Official","Namco, Sony Computer Entertainment Europe","Namco","4 Feb 2025","CIB","6.43","12.73","200.15","12.73","-1.0","?","?","?","",""
"Sony PlayStation","Games","Wishlist","Tekken 3","United Kingdom","Official","Sony Computer Entertainment Europe","Namco","4 Feb 2025","CIB","18.97","19.31","61.86","19.31","-1.0","?","?","?","",""
"Sony PlayStation","Games","Wishlist","Tenchu 2: Birth of the Stealth Assassins","United Kingdom","Official","Activision","ACQUIRE","4 Feb 2025","CIB","13.41","19.87","77.21","19.87","-1.0","?","?","?","",""
"Sony PlayStation","Games","Wishlist","Adventures of Alundra","United Kingdom","Official","Psygnosis Limited","Matrix Software","4 Feb 2025","CIB","16.50","43.53","113.18","43.53","-1.0","?","?","?","",""
"Sony PlayStation","Games","Wishlist","Misadventures of Tron Bonne","United Kingdom","Official","Eidos Interactive","Capcom","4 Feb 2025","CIB","113.89","275.29","749.71","275.29","-1.0","?","?","?","",""
"Sony PlayStation","Games","Wishlist","Tombi!","United Kingdom","Official","Sony Computer Entertainment Europe","Whoopee Camp","4 Feb 2025","CIB","85.90","172.71","448.99","172.71","-1.0","?","?","?","",""
"Sony PlayStation","Games","Wishlist","Tombi! 2","United Kingdom","Official","Sony Computer Entertainment Europe","Whoopee Camp","4 Feb 2025","CIB","62.52","129.38","336.55","129.38","-1.0","?","?","?","",""
"Sony PlayStation","Games","Wishlist","Um Jammer Lammy","United Kingdom","Official","Sony Computer Entertainment","NanaOn-Sha Co., Ltd.","4 Feb 2025","CIB","64.97","201.82","524.94","201.82","-1.0","?","?","?","",""
"Sony PlayStation","Games","Wishlist","Um Jammer Lammy","United Kingdom","Official","Sony Computer Entertainment","NanaOn-Sha Co., Ltd.","12 Nov 2025","CIB","64.97","201.82","524.94","201.82","-1.0","?","?","?","",""
"Sony PlayStation","Games","Wishlist","Vandal Hearts","United Kingdom","Official","Konami","Konami","4 Feb 2025","CIB","34.39","41.17","107.22","41.17","-1.0","?","?","?","",""
"Sony PlayStation","Games","Wishlist","Vandal Hearts II","United Kingdom","Official","Konami","Konami Computer Entertainment Nagoya","4 Feb 2025","CIB","29.49","46.75","69.47","46.75","-1.0","?","?","?","",""
"Sony PlayStation","Games","Wishlist","Vib-Ribbon","United Kingdom","Official","Sony","NanaOn-Sha Co., Ltd.","4 Feb 2025","CIB","55.14","104.41","171.26","104.41","-1.0","?","?","?","",""
"Sony PlayStation","Games","Wishlist","Wipeout 2097","United Kingdom","Official","Psygnosis Limited","Psygnosis","4 Feb 2025","CIB","8.61","20.41","264.67","20.41","-1.0","?","?","?","",""
"Nintendo Game Boy Advance","Games","Owned","Advance Wars","United Kingdom","Official","Nintendo","Intelligent Systems Co., Ltd.","4 Nov 2024","Loose","9.69","30.45","40.59","9.69","-1.0","?","?","?","",""
"Nintendo Game Boy Advance","Games","Owned","Advance Wars 2: Black Hole Rising","United Kingdom","Official","Nintendo","Intelligent Systems Co., Ltd.","4 Nov 2024","Loose","21.30","41.21","117.55","21.30","-1.0","?","?","?","",""
"Nintendo Game Boy Advance","Games","Owned","Final Fantasy Tactics Advance","United Kingdom","Official","Nintendo","Square Enix","4 Nov 2024","Loose","12.06","31.53","231.93","12.06","-1.0","?","?","?","",""
"Nintendo Game Boy Advance","Games","Owned","Fire Emblem","United Kingdom","Official","Nintendo","Intelligent Systems","4 Nov 2024","CIB","35.19","134.25","185.61","134.25","-1.0","?","?","?","",""
"Nintendo Game Boy Advance","Games","Owned","Yoshi's Island: Super Mario Advance 3","United Kingdom","Official","Nintendo","Nintendo","2 Feb 2025","Loose","8.38","26.98","164.47","8.38","-1.0","?","?","?","",""
"Sega Master System","Games","Owned","After Burner","United Kingdom","Official","Sega","Sega","4 Nov 2024","CIB","6.75","13.05","32.49","13.05","-1.0","?","?","?","",""
"Sega Master System","Games","Owned","Asterix and the Secret Mission","United Kingdom","Official","Sega","Sega","4 Nov 2024","Boxed","10.75","33.52","67.01","17.52","-1.0","?","?","?","",""
"Sega Master System","Games","Owned","Castle of Illusion Starring Mickey Mouse","United Kingdom","Official","Sega","Sega","4 Nov 2024","Boxed","4.85","14.25","157.32","7.30","-1.0","?","?","?","",""
"Sega Master System","Games","Owned","Ecco the Dolphin","United Kingdom","Official","Sega","Novotrade International","4 Nov 2024","CIB","5.36","12.51","73.19","12.51","-1.0","?","?","?","",""
"Sega Master System","Games","Owned","Lemmings","United Kingdom","Official","Psygnosis Limited","DMA Design Limited","5 Nov 2024","CIB","4.61","13.23","29.62","13.23","-1.0","?","?","?","",""
"Sega Master System","Games","Owned","OutRun Europa","United Kingdom","Official","Sega","U.S. Gold Ltd.","6 Nov 2024","Loose","7.40","18.13","36.48","7.40","-1.0","?","?","?","",""
"Sega Master System","Systems","Owned","Sega Master System II Console","United Kingdom","Official","Missing Field","Missing Field","25 Dec 2024","Loose","31.97","69.22","364.27","31.97","-1.0","?","?","?","",""
"Sega Master System","Games","Owned","Shinobi","United Kingdom","Official","Sega of America, Inc.","Sega R&D2","2 Dec 2024","Loose","6.26","21.85","89.73","6.26","-1.0","?","?","?","",""
"Sega Master System","Games","Owned","Sonic Chaos","United Kingdom","Official","Sega","Aspect Co. Ltd.","2 Dec 2024","Loose","16.64","26.90","335.07","16.64","-1.0","?","?","?","",""
"Sega Master System","Games","Owned","Sonic the Hedgehog 2","United Kingdom","Official","Sega","Aspect Co. Ltd.","2 Dec 2024","CIB","5.23","22.27","40.95","22.27","-1.0","?","?","?","",""
"Sega Master System","Games","Owned","Sonic the Hedgehog 2","United Kingdom","Official","Sega","Aspect Co. Ltd.","2 Dec 2024","Loose","5.23","22.27","40.95","5.23","-1.0","?","?","?","",""
"Sega Master System","Games","Owned","Space Harrier","United Kingdom","Official","Sega","Sega","5 Dec 2024","Loose","6.57","22.98","46.16","6.57","-1.0","?","?","?","",""
"Sega Master System","Games","Owned","Lucky Dime Caper Starring Donald Duck","United Kingdom","Official","Sega","Sega","5 Nov 2024","Boxed","4.29","16.79","40.95","8.64","-1.0","?","?","?","",""
"Sega Genesis/Mega Drive","Games","Owned","Altered Beast","United Kingdom","Official","Sega Europe","Sega","4 Nov 2024","Loose","9.34","18.42","233.67","9.34","-1.0","?","?","?","",""
"Sega Genesis/Mega Drive","Games","Owned","Comix Zone","United Kingdom","Official","Sega","Sega","4 Nov 2024","CIB","26.46","86.48","188.74","86.48","-1.0","?","?","?","",""
"Sega Genesis/Mega Drive","Games","Owned","Dynamite Headdy","United Kingdom","Official","Sega","Treasure","4 Nov 2024","Boxed","10.13","23.00","69.85","18.98","-1.0","?","?","?","",""
"Sega Genesis/Mega Drive","Games","Owned","Ecco: The Tides of Time","United Kingdom","Official","Sega","Novotrade International","4 Nov 2024","CIB","6.01","15.04","59.47","15.04","-1.0","?","?","?","",""
"Sega Genesis/Mega Drive","Games","Owned","Herzog Zwei","United Kingdom","Official","Sega","TechnoSoft","4 Nov 2024","CIB","28.47","53.92","134.77","53.92","-1.0","?","?","?","",""
"Sega Genesis/Mega Drive","Games","Owned","Marko's Magic Football","United Kingdom","Official","Domark Group Ltd.","The Cartoon Mavericks","5 Nov 2024","Boxed","6.14","16.98","42.44","12.93","-1.0","?","?","?","",""
"Sega Genesis/Mega Drive","Games","Owned","Mega Games 2","United Kingdom","Official","Sega","Sega","5 Nov 2024","Boxed","5.79","15.90","74.21","9.17","-1.0","?","?","?","",""
"Sega Genesis/Mega Drive","Games","Owned","Mega Games I","United Kingdom","Official","Sega","Missing Field","5 Nov 2024","CIB","1.97","10.86","93.81","10.86","-1.0","?","?","?","",""
"Sega Genesis/Mega Drive","Games","Owned","Ristar","United Kingdom","Official","Sega","Sega CS1","2 Dec 2024","CIB","53.18","114.06","285.18","114.06","-1.0","?","?","?","",""
"Sega Genesis/Mega Drive","Systems","Owned","Sega Mega Drive II","United Kingdom","Official","Missing Field","Missing Field","25 Dec 2024","Loose","38.69","81.70","221.38","38.69","-1.0","?","?","?","",""
"Sega Genesis/Mega Drive","Games","Owned","Shining Force","United Kingdom","Official","Sega","Climax Entertainment, Sonic! Software Planning","2 Dec 2024","CIB","39.32","85.85","214.44","85.85","-1.0","?","?","?","",""
"Sega Genesis/Mega Drive","Games","Owned","Shining Force II","United Kingdom","Official","Sega","Sonic! Software Planning","13 Sep 2025","Loose","30.32","125.90","314.96","30.32","-1.0","?","?","?","",""
"Sega Genesis/Mega Drive","Games","Owned","Sonic & Knuckles","United Kingdom","Official","Sega Europe","Sonic Team","2 Dec 2024","CIB+","19.92","50.57","451.96","50.57","-1.0","?","?","?","",""
"Sega Genesis/Mega Drive","Games","Owned","Sonic the Hedgehog","United Kingdom","Official","Sega","Sonic Team","2 Dec 2024","Boxed","3.50","21.98","220.46","10.51","-1.0","?","?","?","",""
"Sega Genesis/Mega Drive","Games","Owned","Sonic the Hedgehog 2","United Kingdom","Official","Sega","Sega","2 Dec 2024","CIB","5.55","12.13","72.98","12.13","-1.0","?","?","?","",""
"Sega Genesis/Mega Drive","Games","Owned","Sonic the Hedgehog 2","United Kingdom","Official","Sega","Sega","2 Dec 2024","CIB","5.55","12.13","72.98","12.13","-1.0","?","?","?","",""
"Sega Genesis/Mega Drive","Games","Owned","Sonic the Hedgehog 3","United Kingdom","Official","Sega","Sega","2 Dec 2024","Boxed","19.20","41.99","104.99","27.25","-1.0","?","?","?","",""
"Sega Genesis/Mega Drive","Games","Owned","Spider-Man vs. The Kingpin","United Kingdom","Official","Sega","Technopop, Inc., Sega of America","5 Dec 2024","Boxed","9.61","29.70","217.93","21.49","-1.0","?","?","?","",""
"Sega Genesis/Mega Drive","Games","Owned","Streets of Rage II","United Kingdom","Official","Sega","Sega","29 Dec 2024","Boxed","17.61","46.24","79.45","32.83","-1.0","?","?","?","",""
"Sega Genesis/Mega Drive","Games","Owned","Sylvester and Tweety in Cagey Capers","United Kingdom","Official","Time Warner Interactive, Inc.","Alexandria","2 Feb 2025","Boxed","7.22","26.53","66.27","17.83","-1.0","?","?","?","",""
"Sega Genesis/Mega Drive","Games","Owned","Taz in Escape From Mars","United Kingdom","Official","Sega","Headgames","2 Feb 2025","Boxed","7.94","14.65","46.19","12.94","-1.0","?","?","?","",""
"Sega Genesis/Mega Drive","Games","Owned","Pagemaster","United Kingdom","Official","Missing Field","Missing Field","6 Nov 2024","CIB","8.40","21.67","54.36","21.67","-1.0","?","?","?","",""
"Sega Genesis/Mega Drive","Games","Owned","Vectorman","United Kingdom","Official","Sega","BlueSky Software","2 Feb 2025","Boxed","15.47","18.98","77.39","15.47","-1.0","?","?","?","",""
"Sega Genesis/Mega Drive","Games","Wishlist","Dr. Robotnik's Mean Bean Machine","United Kingdom","Official","Sega","Compile","3 Feb 2025","CIB","18.32","55.13","137.75","55.13","-1.0","?","?","?","",""
"Sega Genesis/Mega Drive","Games","Wishlist","Golden Axe","United Kingdom","Official","Sega Europe","Sega","3 Feb 2025","CIB","15.26","43.92","114.83","43.92","-1.0","?","?","?","",""
"Sega Genesis/Mega Drive","Games","Wishlist","Golden Axe II","United Kingdom","Official","Sega Europe","Sega","3 Feb 2025","CIB","12.62","34.69","301.51","34.69","-1.0","?","?","?","",""
"Sega Genesis/Mega Drive","Games","Wishlist","Gunstar Heroes","United Kingdom","Official","Sega","Treasure","3 Feb 2025","CIB","55.23","192.18","480.26","192.18","-1.0","?","?","?","",""
"Sega Genesis/Mega Drive","Games","Wishlist","OutRun","United Kingdom","Official","Sega","Sanritsu","3 Feb 2025","CIB","20.28","86.13","215.19","86.13","-1.0","?","?","?","",""
"Sega Genesis/Mega Drive","Games","Wishlist","Rocket Knight Adventures","United Kingdom","Official","Konami","Konami","3 Feb 2025","CIB","22.90","54.73","81.89","54.73","-1.0","?","?","?","",""
"Sega Genesis/Mega Drive","Games","Wishlist","Shining Force II","United Kingdom","Official","Sega","Sonic! Software Planning","3 Feb 2025","CIB","30.32","125.90","314.96","125.90","-1.0","?","?","?","",""
"Sega Genesis/Mega Drive","Games","Wishlist","Sonic 3D Flickies' Island","United Kingdom","Official","Sega","Sonic Team","3 Feb 2025","CIB","13.75","25.50","64.03","25.50","-1.0","?","?","?","",""
"Sega Genesis/Mega Drive","Games","Wishlist","Sparkster","United Kingdom","Official","Konami","Konami","3 Feb 2025","CIB","45.74","148.44","370.81","148.44","-1.0","?","?","?","",""
"Sega Genesis/Mega Drive","Games","Wishlist","Streets of Rage 3","United Kingdom","Official","Sega","Sega","3 Feb 2025","CIB","58.76","177.43","258.89","177.43","-1.0","?","?","?","",""
"SNES/Super Famicom","Games","Owned","Asterix","United Kingdom","Official","Infogrames Entertainment","Infogrames","4 Nov 2024","Loose","8.86","23.33","200.06","8.86","-1.0","?","?","?","",""
"SNES/Super Famicom","Games","Owned","Dragon: The Bruce Lee Story","United Kingdom","Official","Virgin Interactive Entertainment","Virgin Interactive Entertainment","4 Nov 2024","Loose","14.48","50.74","129.31","14.48","-1.0","?","?","?","",""
"SNES/Super Famicom","Games","Owned","F-Zero","United Kingdom","Official","Nintendo","Nintendo EAD","4 Nov 2024","Loose","6.60","34.83","254.22","6.60","-1.0","?","?","?","",""
"SNES/Super Famicom","Games","Owned","GP-1","United Kingdom","Official","Atlus Co., Ltd.","Atlus","4 Nov 2024","Loose","6.72","23.31","60.31","6.72","-1.0","?","?","?","",""
"SNES/Super Famicom","Games","Owned","Mario Paint","United Kingdom","Official","Nintendo","Intelligent Systems","5 Nov 2024","Loose+","4.48","38.35","150.28","4.48","-1.0","?","?","?","",""
"SNES/Super Famicom","Games","Owned","Mickey Mania","United Kingdom","Official","Disney Software, Sony Imagesoft UK","Traveller's Tales Ltd., Psygnosis","6 Nov 2024","Loose","9.23","36.81","193.60","9.23","-1.0","?","?","?","",""
"SNES/Super Famicom","Games","Owned","Mighty Morphin Power Rangers","United Kingdom","Official","Bandai Co., Ltd.","Natsume","2 Dec 2024","Loose","21.00","95.34","247.95","21.00","-1.0","?","?","?","",""
"SNES/Super Famicom","Games","Owned","NBA Jam","United Kingdom","Official","Acclaim Entertainment, Inc.","Iguana Entertainment","6 Nov 2024","Loose","5.61","24.60","137.36","5.61","-1.0","?","?","?","",""
"SNES/Super Famicom","Games","Owned","NBA Jam: Tournament Edition","United Kingdom","Official","Acclaim","Acclaim Studios Austin","6 Nov 2024","CIB","6.38","24.48","63.29","24.48","-1.0","?","?","?","",""
"SNES/Super Famicom","Games","Owned","Nintendo Scope 6","United Kingdom","Official","Nintendo","Nintendo R&D1","6 Nov 2024","Loose","10.77","75.32","195.83","10.77","-1.0","?","?","?","",""
"SNES/Super Famicom","Games","Owned","Space Ace","United Kingdom","Official","Empire Interactive Entertainment","Entertainment Int","5 Dec 2024","Loose","13.54","67.29","174.98","13.54","-1.0","?","?","?","",""
"SNES/Super Famicom","Games","Owned","Street Fighter II","United Kingdom","Official","Capcom","Capcom","29 Dec 2024","Loose","5.62","54.49","268.39","5.62","-1.0","?","?","?","",""
"SNES/Super Famicom","Games","Owned","Street Fighter II Turbo","United Kingdom","Official","Missing Field","Missing Field","29 Dec 2024","Loose","7.99","57.92","283.01","7.99","-1.0","?","?","?","",""
"SNES/Super Famicom","Games","Owned","Super Adventure Island","United Kingdom","Official","Hudson Entertainment, Inc.","Produce","29 Dec 2024","Loose","11.43","45.22","228.57","11.43","-1.0","?","?","?","",""
"SNES/Super Famicom","Games","Owned","Super Mario World","United Kingdom","Official","Nintendo","Nintendo","2 Feb 2025","Loose","8.15","134.27","591.01","8.15","-1.0","?","?","?","",""
"SNES/Super Famicom","Systems","Owned","Super Nintendo Console","United Kingdom","Official","Nintendo","Missing Field","5 Dec 2024","Loose","66.51","188.17","489.20","66.51","-1.0","?","?","?","",""
"SNES/Super Famicom","Games","Owned","Super Tennis","United Kingdom","Official","Nintendo","Nintendo","2 Feb 2025","Loose","3.37","16.67","43.25","3.37","-1.0","?","?","?","",""
"Nintendo Game Boy Color","Games","Owned","Asteroids","United Kingdom","Official","Activision","Syrox Developments","4 Nov 2024","Loose","6.14","19.07","39.54","6.14","-1.0","?","?","?","",""
"Nintendo Game Boy Color","Games","Owned","Pokémon Crystal Version","United Kingdom","Official","Nintendo","Game Freak","2 Dec 2024","Loose","70.45","340.66","392.76","70.45","-1.0","?","?","?","",""
"Nintendo Game Boy Color","Games","Owned","Pokémon Pinball","United Kingdom","Official","Nintendo","Jupiter Corporation","2 Dec 2024","Loose","8.59","42.99","97.71","8.59","-1.0","?","?","?","",""
"Sega Dreamcast","Games","Owned","Bangai-O","United Kingdom","Official","Swing! Entertainment Media AG","Treasure","4 Nov 2024","CIB","23.85","52.56","68.32","52.56","-1.0","?","?","?","",""
"Sega Dreamcast","Games","Owned","ChuChu Rocket!","United Kingdom","Official","Sega","Sonic Team","4 Nov 2024","CIB","2.39","6.11","15.44","6.11","-1.0","?","?","?","",""
"Sega Dreamcast","Games","Owned","Crazy Taxi","United Kingdom","Official","Sega","Hitmaker","2 Feb 2025","CIB","11.27","25.80","65.96","25.80","-1.0","?","?","?","",""
"Sega Dreamcast","Games","Owned","Crazy Taxi 2","United Kingdom","Official","Sega","Hitmaker","4 Nov 2024","CIB","18.38","44.70","120.53","44.70","-1.0","?","?","?","",""
"Sega Dreamcast","Games","Owned","Dead or Alive 2","United Kingdom","Official","Acclaim Entertainment, Inc.","Team Ninja","4 Nov 2024","CIB","9.20","15.68","52.05","15.68","-1.0","?","?","?","",""
"Sega Dreamcast","Games","Owned","Evolution","United Kingdom","Official","Ubisoft","Neverland, Sting","4 Nov 2024","CIB","13.97","33.60","89.00","33.60","-1.0","?","?","?","",""
"Sega Dreamcast","Games","Owned","Fur Fighters","United Kingdom","Official","Acclaim Entertainment","Bizarre Creations, Ltd.","4 Nov 2024","CIB","6.41","18.06","26.53","18.06","-1.0","?","?","?","",""
"Sega Dreamcast","Games","Owned","Grandia II","United Kingdom","Official","Ubisoft","Ubisoft","26 Nov 2025","CIB","35.69","49.99","62.44","49.99","-1.0","?","?","?","",""
"Sega Dreamcast","Games","Owned","Hydro Thunder","United Kingdom","Official","Midway Home Entertainment","Eurocom Entertainment Software","4 Nov 2024","CIB","7.65","13.25","25.17","13.25","-1.0","?","?","?","",""
"Sega Dreamcast","Games","Owned","Jet Set Radio","United Kingdom","Official","Sega","Smilebit","4 Nov 2024","CIB","20.57","32.92","39.60","32.92","-1.0","?","?","?","",""
"Sega Dreamcast","Games","Owned","Legacy of Kain: Soul Reaver","United Kingdom","Official","Eidos Interactive","Crystal Dynamics, Inc.","3 Feb 2025","CIB","7.28","20.62","54.63","20.62","-1.0","?","?","?","",""
"Sega Dreamcast","Games","Owned","Phantasy Star Online","United Kingdom","Official","Sega","Sonic Team","2 Dec 2024","CIB","7.19","21.24","86.19","21.24","-1.0","?","?","?","",""
"Sega Dreamcast","Games","Owned","Power Stone","United Kingdom","Official","Capcom, Eidos Interactive","Capcom","2 Dec 2024","CIB","9.16","20.04","92.87","20.04","-1.0","?","?","?","",""
"Sega Dreamcast","Games","Owned","Power Stone 2","United Kingdom","Official","Capcom, Eidos Interactive","Capcom","25 Nov 2024","CIB","17.35","54.06","150.72","54.06","-1.0","?","?","?","",""
"Sega Dreamcast","Games","Owned","Psychic Force 2012","United Kingdom","Official","Taito Corporation","Taito Corporation","2 Dec 2024","CIB","15.62","43.83","83.39","43.83","-1.0","?","?","?","",""
"Sega Dreamcast","Games","Owned","Rayman 2: The Great Escape","United Kingdom","Official","Ubisoft","Ubisoft","2 Dec 2024","CIB","9.88","31.69","118.10","31.69","-1.0","?","?","?","",""
"Sega Dreamcast","Games","Owned","Resident Evil Code: Veronica","United Kingdom","Official","Capcom","Eidos","2 Dec 2024","CIB","9.43","31.19","123.94","31.19","-1.0","?","?","?","",""
"Sega Dreamcast","Systems","Owned","Sega Dreamcast Console","United States of America","Official","Sega","Sega","5 Dec 2024","Loose","100.27","185.80","651.52","100.27","-1.0","?","?","?","",""
"Sega Dreamcast","Games","Owned","Shenmue","United Kingdom","Official","Sega","Sega AM2 R&D Division","2 Dec 2024","CIB","7.44","26.46","197.06","26.46","-1.0","?","?","?","",""
"Sega Dreamcast","Games","Owned","Shenmue II","United Kingdom","Official","Sega","Sega AM2 R&D Division","2 Dec 2024","CIB","11.94","44.63","165.57","44.63","-1.0","?","?","?","",""
"Sega Dreamcast","Games","Owned","Skies of Arcadia","United Kingdom","Official","Sega","Overworks","2 Dec 2024","CIB","24.65","78.48","294.10","78.48","-1.0","?","?","?","",""
"Sega Dreamcast","Games","Owned","Sonic Adventure","United Kingdom","Official","Sega","Sonic Team","2 Dec 2024","CIB","7.39","22.94","155.75","22.94","-1.0","?","?","?","",""
"Sega Dreamcast","Games","Owned","Sonic Adventure 2","United Kingdom","Official","Sega","Sonic Team","2 Dec 2024","CIB","32.11","91.12","158.81","91.12","-1.0","?","?","?","",""
"Sega Dreamcast","Games","Owned","SoulCalibur","United Kingdom","Official","Namco","Project Soul","5 Dec 2024","CIB","7.67","14.39","71.33","14.39","-1.0","?","?","?","",""
"Sega Dreamcast","Games","Owned","Space Channel 5","United Kingdom","Official","Sega","United Game Artists","17 Jan 2025","CIB","12.66","33.13","63.40","33.13","-1.0","?","?","?","",""
"Sega Dreamcast","Games","Owned","Speed Devils","United Kingdom","Official","Ubisoft Entertainment","Ubisoft Montreal","5 Dec 2024","CIB","9.72","17.30","35.17","17.30","-1.0","?","?","?","",""
"Sega Dreamcast","Games","Owned","Tech Romancer","United Kingdom","Official","Capcom, Virgin Interactive Entertainment","Capcom","2 Feb 2025","CIB","29.11","64.30","73.65","64.30","-1.0","?","?","?","",""
"Sega Dreamcast","Games","Owned","House of the Dead 2","United Kingdom","Official","Sega","Sega AM1 R&D Division","4 Nov 2024","B","7.95","21.21","121.07","21.21","-1.0","?","?","?","",""
"Sega Dreamcast","Games","Owned","Tomb Raider: The Last Revelation","United Kingdom","Official","Eidos Interactive","Core Design Ltd.","2 Feb 2025","CIB","3.70","6.95","20.49","6.95","-1.0","?","?","?","",""
"Sega Dreamcast","Games","Owned","Trickstyle","United Kingdom","Official","Acclaim Entertainment, Inc.","Criterion Games","2 Feb 2025","CIB","2.30","11.50","20.28","11.50","-1.0","?","?","?","",""
"Sega Dreamcast","Games","Owned","Virtua Fighter 3tb","United Kingdom","Official","Sega","Genki","12 Feb 2025","CIB","4.93","8.38","25.75","8.38","-1.0","?","?","?","",""
"Sega Dreamcast","Games","Owned","Who Wants to be a Millionaire?","United Kingdom","Official","Eidos Interactive","Hothouse Creations","2 Feb 2025","CIB","2.61","6.75","17.71","6.75","-1.0","?","?","?","",""
"Sega Dreamcast","Games","Wishlist","Blue Stinger","United Kingdom","Official","Activision","Climax Entertainment","3 Feb 2025","CIB","10.89","19.93","68.23","19.93","-1.0","?","?","?","",""
"Sega Dreamcast","Games","Wishlist","Bust-A-Move 4","United Kingdom","Official","Acclaim Entertainment, Inc.","Taito Corporation","3 Feb 2025","CIB","4.32","14.44","35.07","14.44","-1.0","?","?","?","",""
"Sega Dreamcast","Games","Wishlist","Confidential Mission","United Kingdom","Official","Sega","Hitmaker","3 Feb 2025","CIB","9.92","27.55","47.35","27.55","-1.0","?","?","?","",""
"Sega Dreamcast","Games","Wishlist","Ecco the Dolphin: Defender of the Future","United Kingdom","Official","Sega","Appaloosa Interactive","3 Feb 2025","CIB","4.58","19.34","103.51","19.34","-1.0","?","?","?","",""
"Sega Dreamcast","Games","Wishlist","Evolution 2: Far Off Promise","United Kingdom","Official","Ubisoft Entertainment","Sting Entertainment","3 Feb 2025","CIB","98.61","382.87","521.87","382.87","-1.0","?","?","?","",""
"Sega Dreamcast","Games","Wishlist","Fighting Vipers 2","United Kingdom","Official","Sega","Sega AM2 R&D Division","3 Feb 2025","CIB","19.26","50.39","90.71","50.39","-1.0","?","?","?","",""
"Sega Dreamcast","Games","Wishlist","Gunbird 2","United Kingdom","Official","Capcom","Psikyo","3 Feb 2025","CIB","25.29","56.78","101.80","56.78","-1.0","?","?","?","",""
"Sega Dreamcast","Games","Wishlist","Marvel vs. Capcom 2","United Kingdom","Official","Capcom, Virgin Interactive Entertainment","Capcom","3 Feb 2025","CIB","35.59","89.23","188.84","89.23","-1.0","?","?","?","",""
"Sega Dreamcast","Games","Wishlist","Mr. Driller","United Kingdom","Official","Namco, Virgin Interactive Entertainment","Namco","3 Feb 2025","CIB","15.06","21.62","72.94","21.62","-1.0","?","?","?","",""
"Sega Dreamcast","Games","Wishlist","Rez","United Kingdom","Official","Sega","United Game Artists","3 Feb 2025","CIB","66.85","116.03","160.91","116.03","-1.0","?","?","?","",""
"Sega Dreamcast","Games","Wishlist","Samba de Amigo","United Kingdom","Official","Sega","Sonic Team","3 Feb 2025","CIB","89.63","251.74","343.58","251.74","-1.0","?","?","?","",""
"Sega Dreamcast","Games","Wishlist","Sega Bass Fishing","United Kingdom","Official","Sega","SIMS Co., Ltd.","3 Feb 2025","CIB","5.93","26.88","51.34","26.88","-1.0","?","?","?","",""
"Sega Dreamcast","Games","Wishlist","Sonic Shuffle","United Kingdom","Official","Sega","Sega","3 Feb 2025","CIB","35.94","112.04","132.48","112.04","-1.0","?","?","?","",""
"Sony PlayStation 4","Games","Owned","Battlefield 1","United Kingdom","Official","Electronic Arts","DiCE","4 Nov 2024","CIB","3.31","3.43","9.34","3.43","-1.0","?","?","?","",""
"Sony PlayStation 4","Games","Owned","Call of Duty: Advanced Warfare","United Kingdom","Official","Activision","Sledgehammer Games","4 Nov 2024","CIB","4.13","4.15","9.81","4.15","-1.0","?","?","?","",""
"Sony PlayStation 4","Games","Owned","Call of Duty: WWII","United Kingdom","Official","Activision","Sledgehammer Games","4 Nov 2024","CIB","5.02","5.08","10.06","5.08","-1.0","?","?","?","",""
"Sony PlayStation 4","Games","Owned","Code Vein","United Kingdom","Official","Bandai Namco Entertainment","Bandai Namco Entertainment","4 Nov 2024","CIB","8.26","10.78","15.21","10.78","-1.0","?","?","?","",""
"Sony PlayStation 4","Games","Owned","Destiny","United Kingdom","Official","Activision, Bungie","Bungie","2 Dec 2024","CIB","2.33","2.51","9.54","2.51","-1.0","?","?","?","",""
"Sony PlayStation 4","Games","Owned","Destiny 2","United Kingdom","Official","Activision, Bungie","Bungie","4 Nov 2024","Loose","1.72","2.15","4.93","1.72","-1.0","?","?","?","",""
"Sony PlayStation 4","Games","Owned","Dying Light","United Kingdom","Official","Warner Bros. Interactive Entertainment","Techland Sp. z o.o","4 Nov 2024","CIB","4.48","6.07","10.69","6.07","-1.0","?","?","?","",""
"Sony PlayStation 4","Games","Owned","Earth Defense Force 4.1: The Shadow of New Despair","United States of America","Official","XSEED Games","Sandlot","4 Nov 2024","CIB","8.77","10.76","22.20","10.76","-1.0","?","?","?","",""
"Sony PlayStation 4","Games","Owned","Horizon Zero Dawn","United Kingdom","Official","Sony Interactive Entertainment","Guerrilla Games","4 Nov 2024","CIB","2.84","3.66","15.26","3.66","-1.0","?","?","?","",""
"Sony PlayStation 4","Games","Owned","Overwatch [Origins Edition]","United Kingdom","Official","Blizzard Entertainment","Blizzard Entertainment","6 Nov 2024","CIB","1.01","2.90","7.94","2.90","-1.0","?","?","?","",""
"Sony PlayStation 4","Games","Owned","Sonic Mania Plus","United Kingdom","Official","Sega","Sonic Team","2 Dec 2024","CIB+","9.08","10.39","19.02","10.39","-1.0","?","?","?","",""
"Sony PlayStation 4","Games","Owned","Last of Us Remastered","United Kingdom","Official","Sony Computer Entertainment","Naughty Dog Software","2 Feb 2025","CIB","5.76","9.25","13.61","9.25","-1.0","?","?","?","",""
"Sony PlayStation 4","Games","Owned","Witcher III: Wild Hunt [Game of the Year Edition]","United Kingdom","Official","Bandai Namco Entertainment","CD Projekt RED Sp. z o.o.","2 Feb 2025","CIB","5.17","5.59","15.06","5.59","-1.0","?","?","?","",""
"Microsoft Xbox","Games","Owned","Brute Force","United Kingdom","Official","Microsoft","Digital Anvil","4 Nov 2024","Boxed","3.02","6.81","18.35","5.79","-1.0","?","?","?","",""
"Microsoft Xbox","Games","Owned","Dynasty Warriors 4","United Kingdom","Official","Koei","Omega Force","4 Nov 2024","CIB","8.99","10.43","25.32","10.43","-1.0","?","?","?","",""
"Microsoft Xbox","Games","Owned","Dynasty Warriors 5","United Kingdom","Official","Koei","Omega Force","4 Nov 2024","B","5.53","7.83","18.61","3.13","-1.0","?","?","?","",""
"Microsoft Xbox","Games","Owned","Elder Scrolls III: Morrowind","United Kingdom","Official","Bethesda Softworks","Bethesda Game Studios","8 Feb 2026","CIB+","6.53","8.96","94.76","8.96","-1.0","?","?","?","",""
"Microsoft Xbox","Games","Owned","Fable","United Kingdom","Official","Microsoft Studios","Lionhead Studios Ltd.","4 Nov 2024","B","4.77","6.02","79.94","1.91","-1.0","?","?","?","",""
"Microsoft Xbox","Games","Owned","Grand Theft Auto Double Pack","United Kingdom","Official","Rockstar Games","Rockstar Games","4 Nov 2024","CIB","14.33","17.27","94.62","17.27","-1.0","?","?","?","",""
"Microsoft Xbox","Games","Owned","Halo 2","United Kingdom","Official","Microsoft Studios","Bungie","4 Nov 2024","Boxed","3.73","6.99","83.89","6.83","-1.0","?","?","?","",""
"Microsoft Xbox","Games","Owned","Halo: Combat Evolved","United States of America","Official","Microsoft Studios","Bungie","4 Nov 2024","Boxed","5.21","9.97","52.39","5.51","-1.0","?","?","?","",""
"Microsoft Xbox","Games","Owned","JSRF: Jet Set Radio Future","United Kingdom","Official","Sega","Sega","4 Nov 2024","CIB","18.95","33.19","68.58","33.19","-1.0","?","?","?","",""
"Microsoft Xbox","Games","Owned","Metal Gear Solid 2: Substance","United Kingdom","Official","Konami","Konami Computer Entertainment Japan","6 Nov 2024","CIB","4.89","6.81","34.85","6.81","-1.0","?","?","?","",""
"Microsoft Xbox","Games","Owned","Panzer Dragoon Orta","United Kingdom","Official","Sega Europe","Smilebit","6 Nov 2024","CIB","14.10","16.90","69.49","16.90","-1.0","?","?","?","",""
"Microsoft Xbox","Games","Owned","Project Gotham Racing 2","United Kingdom","Official","Microsoft","Bizarre Creations, Ltd.","2 Dec 2024","CIB","2.36","2.90","8.36","2.90","-1.0","?","?","?","",""
"Microsoft Xbox","Games","Owned","Red Ninja: End Of Honour","United Kingdom","Official","Sierra","Sierra","2 Dec 2024","CIB","12.61","19.23","46.16","19.23","-1.0","?","?","?","",""
"Microsoft Xbox","Games","Owned","Samurai Warriors","United Kingdom","Official","Koei","Omega Force","2 Dec 2024","CIB","6.96","7.97","25.21","7.97","-1.0","?","?","?","",""
"Microsoft Xbox","Games","Owned","SNK vs. Capcom: SVC Chaos","United Kingdom","Official","Ignition Entertainment Ltd.","SNK Playmore","2 Feb 2025","Boxed","9.64","11.88","22.40","9.64","-1.0","?","?","?","",""
"Microsoft Xbox","Games","Owned","Star Wars: Knights Of The Old Republic","United Kingdom","Official","LucasArts Entertainment Company LLC","BioWare","5 Dec 2024","Boxed","4.50","7.18","48.81","4.50","-1.0","?","?","?","",""
"Microsoft Xbox","Games","Owned","Tom Clancy's Rainbow Six 3","United Kingdom","Official","Ubisoft","Ubisoft Montreal","2 Dec 2024","CIB","2.67","3.73","13.18","3.73","-1.0","?","?","?","",""
"Microsoft Xbox","Games","Owned","XIII","United Kingdom","Official","Ubisoft","SouthEnd Interactive","2 Feb 2025","CIB","2.35","3.57","12.75","3.57","-1.0","?","?","?","",""
"Sony PlayStation 2","Games","Owned","Time Crisis II [G.Con 2 Bundle]","United Kingdom","Official","Namco","Namco","2 Feb 2025","CIB+","21.50","27.95","67.01","27.95","-1.0","?","?","?","",""
"Sony PlayStation 2","Games","Owned","Time Crisis: Crisis Zone","United Kingdom","Official","Namco","Namco","2 Feb 2025","CIB+","8.45","10.99","25.87","10.99","-1.0","?","?","?","",""
"Sony PlayStation 2","Games","Owned","Time Crisis: Crisis Zone [GunCon 2 Bundle]","United States of America","Official","Namco","Namco","4 Nov 2024","CIB+","47.28","72.08","131.82","72.08","-1.0","?","?","?","",""
"Sony PlayStation 2","Games","Owned","Vampire Night","United Kingdom","Official","Namco","WOW Entertainment","2 Feb 2025","CIB","6.30","8.10","26.87","8.10","-1.0","?","?","?","",""
"Sony PlayStation 2","Games","Wishlist","Armored Core 2","United Kingdom","Official","Ubisoft","FromSoftware, Inc.","8 Mar 2025","CIB","16.24","17.27","87.48","17.27","-1.0","?","?","?","",""
"Sony PlayStation 2","Games","Wishlist","Armored Core 2: Another Age","United Kingdom","Official","Metro3D, Inc.","FromSoftware, Inc.","8 Mar 2025","CIB","7.53","22.14","49.95","22.14","-1.0","?","?","?","",""
"Sony PlayStation 2","Games","Wishlist","Armored Core 3","United Kingdom","Official","Metro3D, Inc.","FromSoftware, Inc.","8 Mar 2025","CIB","34.91","42.72","45.96","42.72","-1.0","?","?","?","",""
"Microsoft Xbox 360","Games","Owned","Armored Core 4","United Kingdom","Official","505 Games","FromSoftware, Inc.","23 Feb 2025","CIB","17.42","22.78","40.95","22.78","-1.0","?","?","?","",""
"Microsoft Xbox 360","Games","Owned","Armored Core: For Answer","United Kingdom","Official","Ubisoft","FromSoftware, Inc.","8 Feb 2026","CIB","21.08","21.34","38.72","21.34","-1.0","?","?","?","",""
"Microsoft Xbox 360","Games","Owned","Earth Defense Force 2017","United States of America","Official","D3 Publisher Inc.","Sandlot","4 Nov 2024","Loose","7.44","9.40","23.80","7.44","-1.0","?","?","?","",""
"Microsoft Xbox 360","Games","Owned","Final Fantasy XIII [Limited Collector's Edition]","United Kingdom","Official","Square Enix","Square Enix","4 Nov 2024","CIB","13.06","21.35","58.36","21.35","-1.0","?","?","?","",""
"Microsoft Xbox 360","Games","Owned","Halo 3","United Kingdom","Official","Microsoft Studios","Bungie","22 Mar 2025","Boxed","3.36","5.37","34.71","4.26","-1.0","?","?","?","",""
"Nintendo Switch","Systems","Owned","Nintendo Switch Pokemon: Let's Go Eevee Edition","United Kingdom","Official","Missing Field","Missing Field","4 Nov 2024","CIB","185.20","203.70","837.77","203.70","-1.0","?","?","?","",""
"PC","Games","Owned","Command & Conquer: Red Alert","United Kingdom","Official","Virgin Interactive Entertainment","Westwood Studios","5 May 2025","CIB","-1.0", "-1.0", "-1.0", "-1.0","-1.0","?","?","?","",""
"PC","Games","Owned","Command & Conquer: Red Alert - Counterstrike","United States of America","Official","Electronic Arts","Westwood Studios","5 May 2025","CIB","5.04","20.41","22.34","20.41","-1.0","?","?","?","",""
"PC","Games","Owned","Command & Conquer: Red Alert - The Aftermath","United States of America","Official","Virgin Interactive Entertainment, Inc.","Westwood Studios, Inc.","5 May 2025","CIB","5.92","14.89","74.45","14.89","-1.0","?","?","?","",""
"PC","Games","Owned","Half-Life 2","United States of America","Official","Valve Corporation","Valve Corporation","4 Nov 2024","CIB","6.69","18.66","49.91","18.66","-1.0","?","?","?","",""
"Sega CD","Games","Owned","Puggsy","United Kingdom","Official","Psygnosis","Traveller's Tales Ltd.","2 Dec 2024","Boxed","17.45","44.81","71.12","39.60","-1.0","?","?","?","",""
"Sega CD","Games","Owned","Sonic CD","United Kingdom","Official","Sega","Sega","2 Feb 2025","CIB","35.33","80.02","259.30","80.02","-1.0","?","?","?","",""
"Sony PlayStation 3","Games","Owned","Dark Souls","United Kingdom","Official","Bandai Namco Entertainment","FromSoftware, Inc.","5 May 2025","CIB","6.74","8.96","47.70","8.96","-1.0","?","?","?","",""
"Sony PlayStation 3","Games","Owned","Dark Souls II","United Kingdom","Official","Missing Field","Missing Field","5 May 2025","CIB","5.67","6.74","29.78","6.74","-1.0","?","?","?","",""
"Sony PlayStation 3","Games","Owned","Demon's Souls","United Kingdom","Official","Bandai Namco Entertainment","FromSoftware, Inc.","17 May 2025","Boxed","8.99","19.57","41.62","16.15","-1.0","?","?","?","",""
"Sony PlayStation 3","Games","Owned","Sonic Generations","United Kingdom","Official","Sega","Sonic Team","2 Dec 2024","CIB","7.11","10.56","23.73","10.56","-1.0","?","?","?","",""
"Sony PlayStation 3","Games","Owned","Time Crisis 4 [G-Con 3 Bundle]","United Kingdom","Official","Namco","Nex Entertainment","2 Feb 2025","CIB+","66.92","98.66","148.17","98.66","-1.0","?","?","?","",""
"Sony PlayStation 3","Games","Wishlist","Armored Core V","United Kingdom","Official","Namco Bandai Games Europe SAS","FromSoftware, Inc.","8 Mar 2025","CIB","24.20","34.28","65.25","34.28","-1.0","?","?","?","",""
"Sony PlayStation 3","Games","Wishlist","Armored Core: Verdict Day","United Kingdom","Official","Bandai Namco Entertainment","FromSoftware, Inc.","3 Aug 2025","CIB","42.09","59.33","72.94","59.33","-1.0","?","?","?","",""
"Sega Game Gear","Games","Owned","Sonic the Hedgehog","United Kingdom","Official","Sega","Ancient","2 Dec 2024","Loose","7.49","21.63","74.12","7.49","-1.0","?","?","?","",""
"Sega Game Gear","Games","Owned","Sonic the Hedgehog 2","United Kingdom","Official","Sega","Aspect Co. Ltd.","2 Dec 2024","CIB","3.36","17.74","59.80","17.74","-1.0","?","?","?","",""
"Sega Game Gear","Games","Owned","Sonic the Hedgehog: Triple Trouble","United Kingdom","Official","Sega","Aspect Co. Ltd.","5 Dec 2024","Loose","26.51","107.91","263.00","26.51","-1.0","?","?","?","",""
"Nintendo Wii U","Games","Owned","Yoshi's Woolly World","United Kingdom","Official","Missing Field","Nintendo","2 Feb 2025","CIB","9.97","11.38","37.92","11.38","-1.0","?","?","?","",""
"Sony PlayStation 5","Games","Owned","Armored Core VI Fires of Rubicon [Launch Edition]","United Kingdom","Official","Bandai Namco Entertainment","FromSoftware, Inc.","29 Jul 2025","CIB+","13.90","14.35","20.99","14.35","-1.0","?","?","?","",""
"Sony PlayStation 5","Games","Owned","Clair Obscur: Expedition 33","United Kingdom","Official","Kepler Interactive","Sandfall Interactive","16 May 2025","Boxed","25.45","29.66","29.19","29.66","-1.0","?","?","?","",""
